{"cameraMode":{"drawMode":0,"name":"Shaded","section":"Shading Mode"},"sceneLighting":false,"audioPlay":false,"sceneViewState":{"showFog":true,"showMaterialUpdate":false,"showSkybox":false,"showFlares":true,"showImageEffects":true,"showParticleSystems":true},"in2DMode":false,"pivot":{"x":7.450580596923828e-9,"y":0.07673197984695435,"z":-7.450580596923828e-9},"rotation":{"x":0.3257494568824768,"y":0.00566885806620121,"z":-0.0019532209262251856,"w":0.9454371333122253},"size":0.3329530358314514,"orthographic":false}