{"cameraMode":{"drawMode":0,"name":"Shaded","section":"Shading Mode"},"sceneLighting":false,"audioPlay":false,"sceneViewState":{"showFog":true,"showMaterialUpdate":false,"showSkybox":false,"showFlares":true,"showImageEffects":true,"showParticleSystems":true},"in2DMode":false,"pivot":{"x":-18.896154403686525,"y":4.297916889190674,"z":-49.47019958496094},"rotation":{"x":0.25569579005241396,"y":-0.017984559759497644,"z":0.004757512826472521,"w":0.9665783643722534},"size":25.764169692993165,"orthographic":false}